{"cameraMode":{"drawMode":0,"name":"Shaded","section":"Shading Mode"},"sceneLighting":true,"audioPlay":false,"sceneViewState":{"showFog":true,"showMaterialUpdate":false,"showSkybox":true,"showFlares":true,"showImageEffects":true,"showParticleSystems":true},"in2DMode":false,"pivot":{"x":678.660400390625,"y":110.60096740722656,"z":-167.41253662109376},"rotation":{"x":-0.0827653706073761,"y":0.6102166771888733,"z":-0.06430250406265259,"w":-0.7852926850318909},"size":57.91961669921875,"orthographic":true}