{"cameraMode":{"drawMode":0,"name":"Shaded","section":"Shading Mode"},"sceneLighting":true,"audioPlay":false,"sceneViewState":{"showFog":true,"showMaterialUpdate":false,"showSkybox":true,"showFlares":true,"showImageEffects":true,"showParticleSystems":true},"in2DMode":false,"pivot":{"x":6.1779375076293949,"y":-3.4144458770751955,"z":-3.290724039077759},"rotation":{"x":0.06145455688238144,"y":0.014971280470490456,"z":-0.0009219186613336206,"w":0.9980000257492065},"size":89.83341217041016,"orthographic":true}